onset	duration	trial_type
3.01294279098511	2	checker
24.4296109676361	1	checker
45.5962820053101	1	checker
65.87961602211	0.5	checker
85.4796211719513	8	checker
113.829619169235	0.17	checker
134.212954998016	4	checker
157.646289110184	4	checker
181.446296930313	8	checker
209.696300268173	2	checker
231.796298265457	0.17	checker
251.212970972061	0.5	checker
