onset	duration	trial_type
14.9109892845154	16	checker
46.8943359851837	16	checker
78.8776626586914	16	checker
110.861008882523	16	checker
142.844335794449	16	checker
174.827679872513	16	checker
206.811008214951	16	checker
238.794344186783	16	checker
