onset	duration	trial_type
18.191205739975	0.5	checker
36.891206741333	2	checker
57.3078773021698	0.17	checker
75.2745368480682	0.5	checker
94.4912114143372	1	checker
114.324548482895	1	checker
133.824538707733	4	checker
155.391219139099	2	checker
175.974554538727	0.5	checker
193.757890939713	0.17	checker
211.924557685852	0.17	checker
230.307891845703	4	checker
252.707883358002	0.17	checker
