onset	duration	trial_type
4.00660729408264	1	checker
24.8732643127441	8	checker
51.5399432182312	0.5	checker
71.6899490356445	1	checker
92.4232716560364	4	checker
115.006609201431	0.17	checker
134.356612205505	2	checker
157.25662279129	4	checker
178.256614685059	0.17	checker
198.006617307663	2	checker
217.089959859848	0.5	checker
237.473297595978	8	checker
