onset	duration	trial_type
14.9033284187317	16	checker
46.8866786956787	16	checker
78.870020866394	16	checker
110.853372812271	16	checker
142.836724758148	16	checker
174.820071458817	16	checker
206.803434371948	16	checker
238.786785840988	16	checker
