onset	duration	trial_type
14.9097926616669	16	checker
46.8931455612183	16	checker
78.8764955997467	16	checker
110.859839677811	16	checker
142.843191385269	16	checker
174.826544284821	16	checker
206.809894323349	16	checker
238.79324555397	16	checker
