onset	duration	trial_type
14.916971206665	16	checker
46.900313615799	16	checker
78.8836650848389	16	checker
110.867017030716	16	checker
142.850368022919	16	checker
174.833719491959	16	checker
206.817078113556	16	checker
238.800429105759	16	checker
