onset	duration	trial_type
14.8979604244232	16	checker
46.8813004493713	16	checker
78.8646347522736	16	checker
110.84797334671	16	checker
142.831305742264	16	checker
174.814641237259	16	checker
206.797971010208	16	checker
238.781309366226	16	checker
