onset	duration	trial_type
3.01259160041809	0.17	checker
21.5126049518585	0.17	checker
42.4626009464264	1	checker
62.6292750835419	1	checker
83.6959452629089	8	checker
109.545935630798	0.17	checker
127.945948839188	0.5	checker
146.562608718872	0.5	checker
164.512609004974	0.5	checker
184.212613344193	4	checker
205.229288578033	0.17	checker
224.512623786926	2	checker
246.145961761475	2	checker
