onset	duration	trial_type
14.9038443565369	16	checker
46.8871710300446	16	checker
78.8705089092255	16	checker
110.853845119476	16	checker
142.837185621262	16	checker
174.820523738861	16	checker
206.80385518074	16	checker
238.78718996048	16	checker
