onset	duration	trial_type
3.0064332485199	2	checker
24.4897613525391	4	checker
49.3397643566132	8	checker
77.023099899292	0.17	checker
96.5731039047241	4	checker
120.073115110397	0.5	checker
140.789777040482	2	checker
162.723108768463	0.5	checker
182.923110961914	0.17	checker
203.739787101746	8	checker
231.906449079514	1	checker
252.98978304863	1	checker
