onset	duration	trial_type
14.9122979640961	16	checker
46.8956344127655	16	checker
78.8789708614349	16.05	checker
110.962305307388	16	checker
142.945644617081	16	checker
174.92898273468	16	checker
206.912315130234	16	checker
238.895652294159	16	checker
