onset	duration	trial_type
14.9136250019073	16	checker
46.8969662189484	16	checker
78.8803038597107	16.07	checker
110.94697022438	16	checker
142.930309772491	16	checker
174.913646221161	16	checker
206.896986961365	16	checker
238.880317211151	16	checker
