onset	duration	trial_type
14.899120092392	16	checker
46.88245677948	16	checker
78.8657999038696	16	checker
110.849128961563	16	checker
142.832466363907	16	checker
174.815802574158	16	checker
206.799139022827	16	checker
238.782476425171	16	checker
