onset	duration	trial_type
16.01424908638	16	checker
47.9975814819336	16	checker
79.9809203147888	16	checker
111.964252948761	16	checker
143.94758439064	16	checker
175.930928707123	16	checker
207.914263725281	16	checker
239.897599697113	16	checker
