onset	duration	trial_type
14.912853717804	16	checker
46.8961958885193	16	checker
78.8795263767242	16	checker
110.862863302231	16	checker
142.846199512482	16	checker
174.829532146454	16	checker
206.812880992889	16	checker
238.796209335327	16	checker
