onset	duration	trial_type
3.01876616477966	0.5	checker
21.3354496955872	0.5	checker
42.2854483127594	1	checker
63.0854525566101	8	checker
89.985452413559	0.17	checker
108.968780755997	0.17	checker
130.035448312759	1	checker
148.718792438507	0.17	checker
168.45211815834	4	checker
191.21878862381	0.17	checker
208.802132606506	0.5	checker
228.552123069763	2	checker
250.585468053818	2	checker
