onset	duration	trial_type
14.9034502506256	16	checker
46.8867831230164	16	checker
78.8701231479645	16	checker
110.853461027145	16	checker
142.836796045303	16	checker
174.820142745972	16	checker
206.80347776413	16	checker
238.786814212799	16	checker
