onset	duration	trial_type
14.89914894104	16	checker
46.8825032711029	16	checker
78.8658537864685	16	checker
110.849193096161	16	checker
142.832553625107	16	checker
174.815904855728	16	checker
206.799252033234	16	checker
238.782609462738	16	checker
