onset	duration	trial_type
4.01812267303467	1	checker
24.3514671325684	8	checker
49.8514602184296	0.5	checker
70.134795665741	1	checker
90.2681283950806	4	checker
112.634808540344	0.5	checker
132.934802770615	4	checker
157.884805202484	8	checker
183.684815406799	0.17	checker
204.084808826447	2	checker
223.384812116623	0.17	checker
243.30148768425	2	checker
