onset	duration	trial_type
4.0107409954071	0.5	checker
24.6274201869965	4	checker
49.5107481479645	8	checker
77.9274232387543	1	checker
97.2774276733398	0.17	checker
116.36076426506	0.17	checker
135.077420473099	0.5	checker
155.777425765991	4	checker
180.660761117935	2	checker
201.777438163757	8	checker
229.310764551163	2	checker
252.277434825897	1	checker
