onset	duration	trial_type
14.9045460224152	16	checker
46.8879024982452	16	checker
78.8712477684021	16	checker
110.854599714279	16	checker
142.837950468063	16	checker
174.821301460266	16	checker
206.804660558701	16	checker
238.788006782532	16	checker
