onset	duration	trial_type
3.01620745658875	1	checker
23.8328800201416	4	checker
47.8162276744843	8	checker
76.1995749473572	0.5	checker
97.6329283714294	4	checker
121.282942771912	2	checker
143.949612855911	8	checker
172.416295528412	0.17	checker
193.482980251312	0.5	checker
213.032993555069	0.17	checker
232.89967083931	1	checker
254.216344356537	2	checker
