onset	duration	trial_type
14.9111933708191	16	checker
46.8945455551147	16	checker
78.8778975009918	16	checker
110.861249685287	16	checker
142.844606637955	16	checker
174.8279504776	16	checker
206.811308145523	16	checker
238.794661045074	16	checker
