onset	duration	trial_type
3.02092719078064	2	checker
26.0042753219604	8	checker
53.3709559440613	8	checker
81.9209768772125	1	checker
102.304316043854	0.17	checker
123.454337596893	4	checker
148.054350376129	0.17	checker
168.054359436035	4	checker
192.504365921021	1	checker
213.487713575363	0.5	checker
234.604390382767	0.5	checker
254.80440735817	2	checker
