onset	duration	trial_type
16.0269477367401	16	checker
48.0102903842926	16	checker
79.993626832962	16	checker
111.976958990097	16	checker
143.960299015045	16	checker
175.943631410599	16	checker
207.926971912384	16	checker
239.910304069519	16	checker
