onset	duration	trial_type
14.9052250385284	16	checker
46.8885734081268	16	checker
78.8719279766083	16	checker
110.855267763138	16	checker
142.8386323452	16	checker
174.821981430054	16	checker
206.805322170258	16	checker
238.788683176041	16	checker
