onset	duration	trial_type
3.0098249912262	1	checker
22.3431684970856	0.5	checker
40.1931874752045	0.17	checker
60.4598627090454	1	checker
80.3765444755554	0.5	checker
99.0598816871643	0.17	checker
119.843228816986	2	checker
142.809912443161	4	checker
165.576583862305	0.17	checker
183.159928560257	0.17	checker
202.393282651901	2	checker
222.293292284012	0.5	checker
241.809962272644	8	checker
