onset	duration	trial_type
3.00570034980774	1	checker
22.0223782062531	0.5	checker
41.3223881721497	0.17	checker
59.7390673160553	0.17	checker
79.1057326793671	4	checker
100.8724193573	0.17	checker
118.139098405838	0.5	checker
138.639098167419	2	checker
160.489110946655	8	checker
187.472473621368	0.17	checker
208.255807638168	1	checker
229.222492218018	2	checker
250.005839109421	0.5	checker
