onset	duration	trial_type
3.00712847709656	0.5	checker
23.8071229457855	8	checker
52.5071232318878	0.17	checker
71.840461730957	1	checker
93.7737979888916	4	checker
116.823800086975	2	checker
139.490463256836	1	checker
161.157140254974	4	checker
184.240472793579	2	checker
206.323806762695	8	checker
235.207142353058	0.17	checker
255.007149219513	0.5	checker
