onset	duration	trial_type
3.01220202445984	2	checker
24.2455363273621	1	checker
46.1455388069153	8	checker
75.0955367088318	2	checker
96.1455366611481	0.17	checker
116.295542240143	0.5	checker
137.512210130692	4	checker
160.995543956757	4	checker
185.662219524384	1	checker
207.278891324997	0.17	checker
227.695550680161	0.5	checker
247.195558786392	8	checker
