onset	duration	trial_type
3.01755905151367	0.17	checker
23.5008893013	0.5	checker
43.2342269420624	2	checker
64.5175538063049	0.17	checker
83.717561006546	1	checker
105.63423037529	1	checker
127.567562580109	8	checker
154.800904273987	8	checker
182.734244585037	4	checker
207.034243345261	4	checker
230.600908041	0.5	checker
251.600910663605	2	checker
